{
  "results": [
    {
      "totalRatings": 0,
      "averageRatings": 0,
      "title": "It",
      "poster": "https://image.tmdb.org/t/p/w780/9E2y5Q7WlCVNEhP5GiVTjhEhx1o.jpg",
      "language": "en",
      "adult": false,
      "overview": "In a small town in Maine, seven children known as The Losers Club come face to face with life problems, bullies and a monster that takes the shape of a clown called Pennywise.",
      "releaseDate": "2017-09-05"
    },
    {
      "totalRatings": 0,
      "averageRatings": 0,
      "title": "Blade Runner 2049",
      "poster": "https://image.tmdb.org/t/p/w780/aMpyrCizvSdc0UIMblJ1srVgAEF.jpg",
      "language": "en",
      "adult": false,
      "overview": "Thirty years after the events of the first film, a new blade runner, LAPD Officer K, unearths a long-buried secret that has the potential to plunge what's left of society into chaos. K's discovery leads him on a quest to find Rick Deckard, a former LAPD blade runner who has been missing for 30 years.",
      "releaseDate": "2017-10-04"
    },
    {
      "totalRatings": 0,
      "averageRatings": 0,
      "title": "War for the Planet of the Apes",
      "poster": "https://image.tmdb.org/t/p/w780/3vYhLLxrTtZLysXtIWktmd57Snv.jpg",
      "language": "en",
      "adult": false,
      "overview": "Caesar and his apes are forced into a deadly conflict with an army of humans led by a ruthless Colonel. After the apes suffer unimaginable losses, Caesar wrestles with his darker instincts and begins his own mythic quest to avenge his kind. As the journey finally brings them face to face, Caesar and the Colonel are pitted against each other in an epic battle that will determine the fate of both their species and the future of the planet.",
      "releaseDate": "2017-07-11"
    },
    {
      "totalRatings": 0,
      "averageRatings": 0,
      "title": "Kingsman: The Golden Circle",
      "poster": "https://image.tmdb.org/t/p/w780/pKESfn2Pdy0b7drvZHQb7UzgqoY.jpg",
      "language": "en",
      "adult": false,
      "overview": "When an attack on the Kingsman headquarters takes place and a new villain rises, Eggsy and Merlin are forced to work together with the American agency known as the Statesman to save the world.",
      "releaseDate": "2017-09-20"
    },
    {
      "title": "mother!",
      "poster": "https://image.tmdb.org/t/p/w780/qmi2dsuoyzZdJ0WFZYQazbX8ILj.jpg",
      "language": "en",
      "adult": false,
      "overview": "A couple's relationship is tested when uninvited guests arrive at their home, disrupting their tranquil existence.",
      "releaseDate": "2017-09-13"
    },
    {
      "totalRatings": 0,
      "averageRatings": 0,
      "title": "Baby Driver",
      "poster": "https://image.tmdb.org/t/p/w780/dN9LbVNNZFITwfaRjl4tmwGWkRg.jpg",
      "language": "en",
      "adult": false,
      "overview": "After being coerced into working for a crime boss, a young getaway driver finds himself taking part in a heist doomed to fail.",
      "releaseDate": "2017-06-28"
    },
    {
      "totalRatings": 0,
      "averageRatings": 0,
      "title": "American Assassin",
      "poster": "https://image.tmdb.org/t/p/w780/o40BAqdTQHiN3cUfpgieDUYI71z.jpg",
      "language": "en",
      "adult": false,
      "overview": "Following the murder of his fiancée, Mitch Rapp trains under the instruction of Cold War has-been Stan Hurley. The pair then is enlisted to investigate a wave of apparently random attacks on military and civilian targets.",
      "releaseDate": "2017-09-14"
    },
    {
      "totalRatings": 0,
      "averageRatings": 0,
      "title": "Happy Death Day",
      "poster": "https://image.tmdb.org/t/p/w780/FFm2DNpzfPDvIy8DKSyZ71et8W.jpg",
      "language": "en",
      "adult": false,
      "overview": "A college student relives the day of her murder over and over again as she tries to discover her killer's identity.",
      "releaseDate": "2017-10-12"
    },
    {
      "totalRatings": 0,
      "averageRatings": 0,
      "title": "Ex Libris – New York Public Library",
      "poster": "https://image.tmdb.org/t/p/w780/5UAtolZFuOFYqUpHcDYamsVKWvb.jpg",
      "language": "en",
      "adult": false,
      "overview": "A documentary about how a dominant cultural and demographic institution both sustains their traditional activities and adapts to the digital revolution.",
      "releaseDate": "2017-09-13"
    },
    {
      "totalRatings": 0,
      "averageRatings": 0,
      "title": "The Dark Tower",
      "poster": "https://image.tmdb.org/t/p/w780/i9GUSgddIqrroubiLsvvMRYyRy0.jpg",
      "language": "en",
      "adult": false,
      "overview": "The last Gunslinger, Roland Deschain, has been locked in an eternal battle with Walter O’Dim, also known as the Man in Black, determined to prevent him from toppling the Dark Tower, which holds the universe together. With the fate of the worlds at stake, good and evil will collide in the ultimate battle as only Roland can defend the Tower from the Man in Black.",
      "releaseDate": "2017-08-03"
    },
    {
      "totalRatings": 0,
      "averageRatings": 0,
      "title": "Annabelle: Creation",
      "poster": "https://image.tmdb.org/t/p/w780/tb86j8jVCVsdZnzf8I6cIi65IeM.jpg",
      "language": "en",
      "adult": false,
      "overview": "Several years after the tragic death of their little girl, a dollmaker and his wife welcome a nun and several girls from a shuttered orphanage into their home, soon becoming the target of the dollmaker's possessed creation, Annabelle.",
      "releaseDate": "2017-08-03"
    },
    {
      "totalRatings": 0,
      "averageRatings": 0,
      "title": "Blade Runner",
      "poster": "https://image.tmdb.org/t/p/w780/p64TtbZGCElxQHpAMWmDHkWJlH2.jpg",
      "language": "en",
      "adult": false,
      "overview": "In the smog-choked dystopian Los Angeles of 2019, blade runner Rick Deckard is called out of retirement to terminate a quartet of replicants who have escaped to Earth seeking their creator for a way to extend their short life spans.",
      "releaseDate": "1982-06-25"
    },
    {
      "title": "Rememory",
      "poster": "https://image.tmdb.org/t/p/w780/1PUlg2uuPtVPUVB5GE5D4ihaMku.jpg",
      "language": "en",
      "adult": false,
      "overview": "The widow of a wise professor stumbles upon one of his inventions that's able to record and play a person's memory.",
      "releaseDate": "2017-09-08"
    },
    {
      "totalRatings": 0,
      "averageRatings": 0,
      "title": "Home Again",
      "poster": "https://image.tmdb.org/t/p/w780/z5CtCxpblBke2G8c7CMkstedMgY.jpg",
      "language": "en",
      "adult": false,
      "overview": "Life for a single mom in Los Angeles takes an expected turn when she allows three young guys to move in with her.",
      "releaseDate": "2017-09-07"
    },
    {
      "totalRatings": 0,
      "averageRatings": 0,
      "title": "Cars 3",
      "popularity": 40.713731,
      "poster": "https://image.tmdb.org/t/p/w780/fyy1nDC8wm553FCiBDojkJmKLCs.jpg",
      "language": "en",
      "adult": false,
      "overview": "Blindsided by a new generation of blazing-fast racers, the legendary Lightning McQueen is suddenly pushed out of the sport he loves. To get back in the game, he will need the help of an eager young race technician with her own plan to win, inspiration from the late Fabulous Hudson Hornet, and a few unexpected turns. Proving that #95 isn't through yet will test the heart of a champion on Piston Cup Racing’s biggest stage!",
      "releaseDate": "2017-06-15"
    },
    {
      "totalRatings": 0,
      "averageRatings": 0,
      "title": "Atomic Blonde",
      "poster": "https://image.tmdb.org/t/p/w780/kV9R5h0Yct1kR8Hf8sJ1nX0Vz4x.jpg",
      "language": "en",
      "original_title": "Atomic Blonde",
      "adult": false,
      "overview": "An undercover MI6 agent is sent to Berlin during the Cold War to investigate the murder of a fellow agent and recover a missing list of double agents.",
      "releaseDate": "2017-07-26"
    },
    {
      "totalRatings": 0,
      "averageRatings": 0,
      "title": "The Snowman",
      "poster": "https://image.tmdb.org/t/p/w780/bQHgpTVsAWjNQWS0frsl7DlzLX1.jpg",
      "language": "en",
      "adult": false,
      "overview": "Detective Harry Hole investigates the disappearance of a woman whose pink scarf is found wrapped around an ominous looking snowman.",
      "releaseDate": "2017-10-12"
    },
    {
      "totalRatings": 0,
      "averageRatings": 0,
      "title": "Captain Underpants: The First Epic Movie",
      "poster": "https://image.tmdb.org/t/p/w780/AjHZIkzhPXrRNE4VSLVWx6dirK9.jpg",
      "language": "en",
      "adult": false,
      "overview": "Two mischievous kids hypnotize their mean elementary school principal and turn him into their comic book creation, the kind-hearted and elastic-banded Captain Underpants.",
      "releaseDate": "2017-06-01"
    },
    {
      "totalRatings": 0,
      "averageRatings": 0,
      "title": "Dunkirk",
      "poster": "https://image.tmdb.org/t/p/w780/bOXBV303Fgkzn2K4FeKDc0O31q4.jpg",
      "language": "en",
      "adult": false,
      "overview": "The miraculous evacuation of Allied soldiers from Belgium, Britain, Canada and France, who were cut off and surrounded by the German army from the beaches and harbor of Dunkirk, France, between May 26th and June 4th 1940, during the Battle of France in World War II.",
      "releaseDate": "2017-07-19"
    },
    {
      "totalRatings": 0,
      "averageRatings": 0,
      "title": "The Emoji Movie",
      "poster": "https://image.tmdb.org/t/p/w780/f5pF4OYzh4wb1dYL2ARQNdqUsEZ.jpg",
      "language": "en",
      "adult": false,
      "overview": "Gene, a multi-expressional emoji, sets out on a journey to become a normal emoji.",
      "releaseDate": "2017-07-28"
    },
    {
      "totalRatings": 0,
      "averageRatings": 0,
      "title": "Starship Troopers: Traitor of Mars",
      "poster": "https://image.tmdb.org/t/p/w780/dzqEq8Jbvb5SYGoYPqLyIRrt6Cm.jpg",
      "language": "en",
      "adult": false,
      "overview": "Federation trooper Johnny Rico is ordered to work with a group of new recruits on a satellite station on Mars, where giant bugs have decided to target their next attack.",
      "releaseDate": "2017-08-21"
    },
    {
      "totalRatings": 0,
      "averageRatings": 0,
      "title": "Secret Superstar",
      "poster": "https://image.tmdb.org/t/p/w780/qJmIyh8hyGPONq7J4fIqaCMzv2p.jpg",
      "language": "hi",
      "adult": false,
      "overview": "The film revolves around the life of a child who aspires to be a singer.",
      "releaseDate": "2017-10-19"
    },
    {
      "totalRatings": 0,
      "averageRatings": 0,
      "title": "Serguei, O Último Psicodélico",
      "poster": "https://image.tmdb.org/t/p/w780/aNiiEG0WEvXuotKBR5RPw7XGJR8.jpg",
      "language": "pt",
      "adult": false,
      "overview": "",
      "releaseDate": "2017-10-20"
    },
    {
      "totalRatings": 0,
      "averageRatings": 0,
      "title": "High-Rise",
      "poster": "https://image.tmdb.org/t/p/w780/hz3GXwcJC5csPZQa4PMbqmiPqDc.jpg",
      "language": "en",
      "adult": false,
      "overview": "Life for the residents of a tower block begins to run out of control.",
      "releaseDate": "2015-11-22"
    },
    {
      "totalRatings": 0,
      "averageRatings": 0,
      "title": "Rememory",
      "poster": "https://image.tmdb.org/t/p/w780/1PUlg2uuPtVPUVB5GE5D4ihaMku.jpg",
      "language": "en",
      "adult": false,
      "overview": "The widow of a wise professor stumbles upon one of his inventions that's able to record and play a person's memory.",
      "releaseDate": "2017-09-08"
    },
    {
      "totalRatings": 0,
      "averageRatings": 0,
      "title": "The Mountain Between Us",
      "poster": "https://image.tmdb.org/t/p/w780/3XNfYTW4XGscI81nXMSWGsQ8cpu.jpg",
      "language": "en",
      "adult": false,
      "overview": "Stranded after a tragic plane crash, two strangers must forge a connection to survive the extreme elements of a remote snow covered mountain. When they realize help is not coming, they embark on a perilous journey across the wilderness.",
      "releaseDate": "2017-10-05"
    },
    {
      "totalRatings": 0,
      "averageRatings": 0,
      "title": "Flatliners",
      "poster": "https://image.tmdb.org/t/p/w780/e9NHATN0TJW6ZZPLLWFsKdilVl1.jpg",
      "language": "en",
      "adult": false,
      "overview": "Five medical students, hoping to gain insight into the mystery of what lies beyond the confines of life, embark on a daring and dangerous experiment. By stopping their hearts for short periods of time, each triggers a near-death experience. As the investigation becomes more and more perilous, they are forced to confront the sins of their pasts, as well as contend with the paranormal consequences of trespassing to the other side.",
      "releaseDate": "2017-09-28"
    },
    {
      "totalRatings": 0,
      "averageRatings": 0,
      "title": "Snatched",
      "poster": "https://image.tmdb.org/t/p/w780/gsleO1KultziWltEAngAEZkxQhf.jpg",
      "language": "en",
      "adult": false,
      "overview": "When her boyfriend dumps Emily, a spontaneous woman in her 30s, she persuades her ultra-cautious mom to accompany her on a vacation to Ecuador. When these two very different women are trapped on this wild journey, their bond as mother and daughter is tested and strengthened while they attempt to navigate the jungle and escape.",
      "releaseDate": "2017-05-03"
    },
    {
      "totalRatings": 0,
      "averageRatings": 0,
      "title": "Detroit",
      "poster": "https://image.tmdb.org/t/p/w780/7APLVpsGzXPJw16ZuBtXICxq8B9.jpg",
      "language": "en",
      "adult": false,
      "overview": "A police raid in Detroit in 1967 results in one of the largest citizens' uprisings in the history of the United States.",
      "releaseDate": "2017-07-28"
    },
    {
      "totalRatings": 0,
      "averageRatings": 0,
      "title": "Once Upon A Time In Indian Country",
      "poster": "https://image.tmdb.org/t/p/w780/ttNEicLzUWGvd4HnqFz6o4wx2pg.jpg",
      "language": "de",
      "adult": false,
      "overview": "A wild genre mix between a boxer film, urban western, road movie and music video, set at end of the summer holidays in a drab neighborhood in the outskirts of Hamburg suburbia. Young boxing talent Mauser is preparing for a pivotal competition when his father kills his step-mother and flees. Trying to find his father, Mauser embarks on a journey through the world of music, psychedelia, violence, love and a biblical thunderstorm. And what is with the Native American?  \"Once upon a time in Indian country\" is a story that radiates both, heat and poetry.",
      "releaseDate": "2017-10-19"
    },
    {
      "totalRatings": 0,
      "averageRatings": 0,
      "title": "Knock",
      "poster": "https://image.tmdb.org/t/p/w780/3KgvDj7ldpRL8IPIlLM1cne01Wo.jpg",
      "language": "fr",
      "adult": false,
      "overview": "Doctor Knock is a former thug who has become a doctor and arrives in the small village of Saint-Maurice to make his fortune according to a particular method. It will make the villagers believe that they are not as healthy as they might think. It is thus that he will find in each one an imaginary symptom, or not, and thus will be able to exercise his profession lucratively. Under his seductive looks and after gaining the confidence of the village, Knock is on the verge of achieving his ends. But his past catches up with him and an old acquaintance disrupts the doctor's plans.",
      "releaseDate": "2017-10-18"
    },
    {
      "totalRatings": 0,
      "averageRatings": 0,
      "title": "Amityville: The Awakening",
      "poster": "https://image.tmdb.org/t/p/w780/nkvUaKRYG70QouZtHlnUSoDBRGC.jpg",
      "language": "en",
      "adult": false,
      "overview": "Belle, her little sister, and her comatose twin brother move into a new house with their single mother Joan in order to save money to help pay for her brother's expensive healthcare. But when strange phenomena begin to occur in the house including the miraculous recovery of her brother, Belle begins to suspect her Mother isn't telling her everything and soon realizes they just moved into the infamous Amityville house.",
      "releaseDate": "2017-06-30"
    },
    {
      "totalRatings": 0,
      "averageRatings": 0,
      "title": "6 Days",
      "poster": "https://image.tmdb.org/t/p/w780/yRbC0uRj1RDmF0JLon83il2dkR0.jpg",
      "language": "en",
      "adult": false,
      "overview": "In April 1980, armed gunmen stormed the Iranian Embassy in Princes Gate, London and took all inside hostage. Over the next six days a tense standoff took place, all the while a group of highly trained soldiers from the SAS prepared for a raid the world had never seen the likes of.",
      "releaseDate": "2017-08-03"
    },
    {
      "totalRatings": 0,
      "averageRatings": 0,
      "title": "Lady Macbeth",
      "poster": "https://image.tmdb.org/t/p/w780/xWTJbhTwSTJmhLlX5xAOxPhdnXc.jpg",
      "language": "en",
      "original_title": "Lady Macbeth",
      "adult": false,
      "overview": "The passionate affair of a young woman trapped in a marriage of convenience unleashes a maelstrom of murder and mayhem on a country estate.",
      "releaseDate": "2017-01-20"
    },
    {
      "totalRatings": 0,
      "averageRatings": 0,
      "title": "The Last Warrior",
      "poster": "https://image.tmdb.org/t/p/w780/wwz51U0KHV1xWIqNIVlaDu0YVVB.jpg",
      "language": "en",
      "adult": false,
      "overview": "ivan is an ordinary guy who is transferred from modern Moscow to the fantasy world Belogorye. in this parallel universe where characters of russian fairy tales live, magic is an integral part of the daily life, and arguments are settled with the help of sword  ght. Unexpectedly, ivan  nds himself in the middle of the battle between the good and evil. He has to  nd out why everyone thinks that he should play the main role in the occurring events...",
      "releaseDate": "2017-10-19"
    },
    {
      "totalRatings": 0,
      "averageRatings": 0,
      "title": "Leatherface",
      "poster": "https://image.tmdb.org/t/p/w780/qdRq1EygZK2LIYM6v29ai9uBOhE.jpg",
      "language": "en",
      "adult": false,
      "overview": "A young nurse is kidnapped by a group of violent teens who escape from a mental hospital and take her on the road trip from hell. Pursued by an equally deranged lawman out for revenge, one of these teens is destined for tragedy and horrors that will destroy his mind, molding him into the monster we now call Leatherface.",
      "releaseDate": "2017-09-14"
    },
    {
      "totalRatings": 0,
      "averageRatings": 0,
      "title": "Golmaal Again",
      "poster": "https://image.tmdb.org/t/p/w780/5mnOPgQCQls7NbFuf53gDew7uzq.jpg",
      "language": "hi",
      "adult": false,
      "overview": "The gang encounters with some spiritual bodies and finds out the truth about the Jamnadas Orphanage where they were brought up.",
      "releaseDate": "2017-10-20"
    },
    {
      "totalRatings": 0,
      "averageRatings": 0,
      "title": "My Little Pony: The Movie",
      "poster": "https://image.tmdb.org/t/p/w780/15WbvKx7B7FiLZheK49Xc05oRIX.jpg",
      "language": "en",
      "adult": false,
      "overview": "A new dark force threatens Ponyville, and the Mane 6 – Twilight Sparkle, Applejack, Rainbow Dash, Pinkie Pie, Fluttershy and Rarity – embark on an unforgettable journey beyond Equestria where they meet new friends and exciting challenges on a quest to use the magic of friendship and save their home.",
      "releaseDate": "2017-10-05"
    }
  ]
}